<?xml version="1.0" standalone="no" ?>
<manifest identifier="Manifest_2004-4a" version="1"
          xmlns="http://www.imsglobal.org/xsd/imscp_v1p1"
          xmlns:xsi="http://www.w3.org/2001/XMLSchema-instance"
          xmlns:adlcp="http://www.adlnet.org/xsd/adlcp_v1p3"
          xmlns:adlseq="http://www.adlnet.org/xsd/adlseq_v1p3"
          xmlns:adlnav="http://www.adlnet.org/xsd/adlnav_v1p3"
          xmlns:imsss="http://www.imsglobal.org/xsd/imsss"
          xmlns:lom="http://ltsc.ieee.org/xsd/LOM"
          xsi:schemaLocation="http://www.imsglobal.org/xsd/imscp_v1p1 imscp_v1p1.xsd
                              http://www.adlnet.org/xsd/adlcp_v1p3 adlcp_v1p3.xsd
                              http://www.adlnet.org/xsd/adlseq_v1p3 adlseq_v1p3.xsd
                              http://www.adlnet.org/xsd/adlnav_v1p3 adlnav_v1p3.xsd
                              http://www.imsglobal.org/xsd/imsss imsss_v1p0.xsd
                              http://ltsc.ieee.org/xsd/LOM lom.xsd">

    <metadata>
        <schema>ADL SCORM</schema>
        <schemaversion>2004 3rd Edition</schemaversion>
    </metadata>

    <organizations default="LINEAR">
        <organization identifier="LINEAR">
            <title>Client Manager Basics</title>
            <item identifier="ident001" identifierref="ref001" isvisible="true">
                <title>Client Manager Basics</title>
            </item>
        </organization>
    </organizations>
    <resources>
            <resource identifier="ref001" type="webcontent" adlcp:scormtype="sco" href="scorm/index.htm?sco_21983=ident001&amp;dir_21983=/scorm/courses/&amp;res_21983=panorama-manager">
                <file href="scorm/index.htm"/>
            </resource>
    </resources>
</manifest>
